,URL,title,word_counts,average number of words per sentence,chara_count,average word length,syllable count,complex_count,sentence length,Average Sentence Length,Percentage of Complex words,Fog Index,subjectivity,PERSONAL PRONOUNS,positive_score,negative_score,polarity_score
0,https://insights.blackcoffer.com/ai-in-healthcare-to-improve-patient-outcomes/,AI in healthcare to Improve Patient Outcomes,1171,15.207792207792208,8253,7.047822374039282,3174,940,77.0,15.207792207792208,0.802732707087959,6.4042099659520675,0.46336424033482865,"[anything, it, us, it, our, our, it, that, It, who, that, them, that, that, they, its, which, that, that, which, that, this, which, their, which, which, it, that, which, they, that, that, that, it, which, its, that, that, It, it, which, it, they, their, it, that, it, that, those, who, it, that, our, These, It, everything, their, they, These, This, that, it, it, it, All, these]",0.145,0.044,0.13693643937761585
1,https://insights.blackcoffer.com/what-if-the-creation-is-taking-over-the-creator/,What if the Creation is Taking Over the Creator?,763,9.5375,4888,6.406290956749673,1892,549,80.0,9.5375,0.7195281782437746,4.10281127129751,0.43359613375130607,"[itself, anything, it, It, something, it, this, what, them, what, there, something, that, their, them, their, themselves, it, their, its, themselves, it, this, another, who, himself, him, It, Something, that, his, something, that, him, it, it, it, it, that, its, it, This, they, it, it, their, it, it, it, that, There, it, Nobody, it, that, we, it, their, it, their, us, that, us, our, that, they, what, it, it, it, that, it, its, one, it, It, there, ourselves, it, They, that, their, their, They, their, it, it, its, it, it, their, it, who, there, something, that, us, who, who, who, who, there, nothing, we, ’s, our, ourselves, this, all, we]",0.149,0.084,0.07469251007613077
2,https://insights.blackcoffer.com/what-jobs-will-robots-take-from-humans-in-the-future/,What Jobs Will Robots Take From Humans in The Future?,1005,11.823529411764707,7244,7.207960199004975,2828,825,85.0,11.823529411764707,0.8208955223880597,5.057769973661107,0.4832005722587915,"[their, that, This, which, that, which, them, It, Its, which, which, which, you, your, they, them, There, which, which, it, it, its, they, their, which, There, which, it, it, their, it, which, It, which, which, that, its, It, it, We, them, their, It, all, which, This, which, that, It, its, There, which, it, these, There, they, their, It, This, You, There, which, the, everything, which, it, it, it, us, us, themselves, there]",0.075,0.036,0.11146971179505427
3,https://insights.blackcoffer.com/will-machine-replace-the-human-in-the-future-of-work/,Will Machine Replace The Human in the Future of Work?,914,9.621052631578948,5786,6.330415754923414,2263,689,95.0,9.621052631578948,0.7538293216630197,4.149952781296787,0.487386691591237,"[Anything, that, Nothing, There, our, they, This, us, what, What, we, ourselves, us, ’s, what, This, There, there, that, There, themselves, you, that, you, that, we, which, what, This, them, another, what, we, this, our, what, it, you, what, we, what, what, it, ’s, what, This, This, This, it, it, that, It, This, it, this, we, it, that, its, This, we, this, It, that, itself, it, it, it, you, what, we, this, we, that, It, its, it, This, its, they, They, their, that, that, What, it, it, that, her, That, what, it, It, It, we, This, we, this, there, that, them, they, we, what, we, our, that, There, that, its, our, our, we, it, we, we, it]",0.145,0.044,0.14205028276997975
4,https://insights.blackcoffer.com/will-ai-replace-us-or-work-with-us/,Will AI Replace Us or Work With Us?,1010,12.784810126582279,6696,6.629702970297029,2502,735,79.0,12.784810126582279,0.7277227722772277,5.4050131595438025,0.5091386995357584,"[it, us, anything, it, they, which, It, that, our, We, its, it, They, It, It, some, that, we, these, it, we, there, that, they, it, we, we, he, his, he, his, his, us, us, it, we, all, these, them, it, who, what, this, it, they, they, that, we, We, them, It, their, its, its, its, they, they, they, they, it, they, This, it, it, this, We, which, us, We, its, which, their, that, its, them, This, you, that, There, that, that, that, it, which, their, which, that, it, what, that, which, this, This, us, their, It, us, ourselves, our, that, there, Some, what, they, they]",0.147,0.05,0.05317796664120197
5,https://insights.blackcoffer.com/man-and-machines-together-machines-are-more-diligent-than-humans-blackcoffe/,Will machine replace the human in the future of work?,702,10.96875,4719,6.722222222222222,1779,517,64.0,10.96875,0.7364672364672364,4.682086894586894,0.4533339508339509,"[us, it, it, You, that, them, I, I, it, what, that, we, we, we, these, They, which, these, that, they, them, it, which, them, our, its, their, they, all, it, its, it, its, they, which, it, they, that, it, it, all, us, they, it, them, they, Which, this, those, that, it, our, that, it, I, our, We, our, what, they, our, it, us, who, what, you, me, I, my, it, my, Our, it, our, we, our, I, we, our, we, My, they, this, you, your, you, you, we, everything, they, all, our, they, theirs, we, our, This, We, our, our, they, our]",0.163,0.039,0.12108208858208855
6,https://insights.blackcoffer.com/in-future-or-in-upcoming-years-humans-and-machines-are-going-to-work-together-in-every-field-of-work/,How humans and machines are evolving to work together?,421,9.355555555555556,2778,6.598574821852732,1051,310,45.0,9.355555555555556,0.7363420427553444,4.036759039324361,0.41690760929891363,"[which, he, there, that, They, our, their, we, which, we, that, What, you, they, which, their, It, it, it, their, They, our, us, our, it, which, us, there, that, This, we, that, that, we, our, we, them]",0.102,0.025,0.14694743662134965
7,https://insights.blackcoffer.com/how-machine-learning-will-affect-your-business/,How machine learning will affect your business?,408,11.333333333333334,2549,6.247549019607843,937,285,36.0,11.333333333333334,0.6985294117647058,4.812745098039216,0.5664366057671143,"[there, their, which, we, we, everything, they, all, that, all, that, its, all, your, your, that, it, There, that, me, what, it, you, you, you, it, you, you, it, you, your, you, you, each, your, they, You, it, it, it, you, they, they, those, this, you, you, Your, it, your, you, you, your, This, it, your, That, you, that, it, it]",0.163,0.057,0.19017686550737403
8,https://insights.blackcoffer.com/deep-learning-impact-on-areas-of-e-learning/,Deep learning impact on areas of e-learning?,1221,15.074074074074074,7913,6.480753480753481,3113,931,81.0,15.074074074074074,0.7624897624897625,6.334625534625535,0.5311564854898188,"[its, It, which, that, its, that, It, you, your, your, some, which, that, that, your, your, There, which, some, your, your, some, our, it, that, It, we, it, I, there, their, that, there, they, they, their, that, There, that, which, There, itself, who, there, that, There, we, which, there, that, that, anyone, which, it, A, I, it, There, it, that, you, it, You, it, that, which, We, it, We, you, you, you, they, their, it, that, It, your, there, that, you, your, that, what, your, you, your, it, those, your, your, you, that, your, you, you, your, I, you, your, that, you, that, it, This, it, your, it, your, you, your, your, you, you, your, some, that, you, it, you, your, it, your, you, it, we, it, I, we, anything, us]",0.147,0.046,0.1685887445887446
9,https://insights.blackcoffer.com/how-to-protect-future-data-and-its-privacy-blackcoffer/,How to protect future data and its privacy?,1177,11.317307692307692,7751,6.585386576040782,2907,880,104.0,11.317307692307692,0.7476635514018691,4.8259884974838245,0.4650923740095715,"[it, YOUR, your, it, anyone, that, it, that, Those, your, you, your, which, which, your, your, this, your, you, your, this, the, it, you, your, you, you, you, it, your, it, your, it, your, your, It, it, your, your, you, your, them, you, your, you, it, they, that, your, your, you, it, you, it, It, your, your, your, you, that, your, your, it, your, This, your, they, you, who, your, you, your, it, your, your, it, your, you, your, it, your, it, your, it, your, they, your, they, your, those, you, your, your, your, your, your, you, What, we, you, your, the, it, these, your, your, your, it, you, your, your, your, it, your, your, that, it, it, Your, they, all, your, your, that, it, your, your, it, you, your, your, It, your, your, your, you, your, your, It, you, it, you, your, you, you, it, there, it, you, some, your, you, your, your, it, someone, who, what, they, your, your, it, there, you, your, you, them, your, they, your, you, your, you, That, it, your, those, you, your, you, your, you, them, your, they, your, you, it, your]",0.119,0.096,0.11627650481153669
10,https://insights.blackcoffer.com/how-machines-ai-automations-and-robo-human-are-effective-in-finance-and-banking/,"How Machines, AI, Automations, and Robo-human are Effective in Finance and Banking?",699,12.051724137931034,5101,7.297567954220315,1958,573,58.0,12.051724137931034,0.8197424892703863,5.148586650880568,0.41973403169157875,"[We, all, we, we, what, this, we, its, us, us, what, we, We, what, them, themselves, It, that, it, themselves, you, it, you, what, its, which, that, its, which, it, itself, us, that, we, our, which, his, her, there, that, their, their, them, they, which, that, which, This, It, its, There, them, all, their, It, who, their, their, their, whom, they, This, which, them, It, everything, this, there, that, It, it, It, they, that]",0.134,0.053,0.11639375561545375
11,https://insights.blackcoffer.com/ai-human-robotics-machine-future-planet-blackcoffer-thinking-jobs-workplace/,How Robo Human will Impact the Future?,768,9.365853658536585,4816,6.270833333333333,1861,536,82.0,9.365853658536585,0.6979166666666666,4.025508130081301,0.3785477329687856,"[It, some, you, you, what, I, you, Who, us, what, its, their, Some, us, we, all, it, his, that, this, his, you, their, another, it, it, that, Our, it, What, we, that, you, we, there, It, ’s, that, that, both, it, their, their, that]",0.133,0.065,0.10607930070203922
12,https://insights.blackcoffer.com/how-ai-will-change-the-world-blackcoffer/,How AI will change the World?,871,13.825396825396826,5814,6.675086107921929,2272,644,63.0,13.825396825396826,0.7393800229621125,5.825910739343576,0.40120962370962354,"[which, their, all, their, we, us, our, we, our, which, their, It, us, what, that, their, This, it, my, I, that, what, our, it, which, its, it, there, us, our, us, it, some, our, it, them, their, they, who, their, it, it, which, them, that, It, it, someone, there, someone, A, we, which, all, that, which, that, its, it, it, them, It, our, that, that, them, we, Some, which, that, There, that, which, there, which, our, us, our, There, which, They, which, that, there, its, ITS, its, which, it, which, it, It, their, it, who, them, which, them, that, they, which, themselves, they, they, It, there, it, they, that, them, they, their, it, what, us, it, us, we, what, we, it, which, we, it, them, their, There, them, they, There, we, who, who, us, their, us, That, ourselves, we, ourselves, us, our, me, you, we]",0.143,0.036,0.14755515318015325
13,https://insights.blackcoffer.com/future-of-work-how-ai-has-entered-the-workplace/,Future of Work: How AI Has Entered the Workplace,967,11.650602409638553,6326,6.541882109617373,2472,719,83.0,11.650602409638553,0.7435367114788004,4.957655648446941,0.4645467032967034,"[we, our, our, there, everything, some, we, What, which, what, This, that, that, that, we, it, he, This, that, its, any, that, which, nobody, it, It, which, we, it, something, that, ’s, that, you, they, us, all, That, it, you, it, they, it, some, who, that, who, that, that, there, that, that, that, them, this, this, them, It, there, it, they, it, their, which, their, that, their, their, their, their, we, It, them, their, everyone, their, they, that, their, which, it, their, that, it, we, Who, What, we, all, those, that, who, There, that, we, ourselves, we, our, we]",0.165,0.026,0.05780414030414031
14,https://insights.blackcoffer.com/ai-tool-alexa-google-assistant-finance-banking-tool-future/,How machine learning used in finance and banking?,310,14.090909090909092,2182,7.038709677419355,854,246,22.0,14.090909090909092,0.7935483870967742,5.953782991202346,0.5311677753141167,"[its, it, that, it, its, it, this, your, you, you, which, that, its, it, their, its, there, their]",0.117,0.004,0.1761308203991131
15,https://insights.blackcoffer.com/ai-healthcare-revolution-ml-technology-algorithm-google-analytics-industrialrevolution/,How AI will impact the future of work?,938,104.22222222222223,6010,6.40724946695096,2296,671,9.0,104.22222222222223,0.7153518123667377,41.97502961383559,0.504171019198193,"[it, it, that, themselves, who, our, it, that, that, which, it, you, that, you, you, that, that, which, that, we, which, we, it, our, its, what, all, us, we, our, this, it, this, that, that, what, they, they, it, it, you, they, that, it, that, which, we, anybody, it, anyone, anyone, who, which, that, there, their, they, you, that, that, what, anything, anything, that, it, you, it, it, it, that, they, they, they, your, there, that, there, this, there, that, that, their, this, which, which, that, this, they, that, there, your, this, their, them, they, all, this, it, they, they, that, their, we, they, we, their, their, we, we, it, this, which, them, themselves, it, what, we, it, this, itself, it, we, which, we, they, it, there, I, we, it, we, that, they, that, they, they]",0.148,0.054,0.1326305759457933
16,https://insights.blackcoffer.com/all-you-need-to-know-about-online-marketing/,All you need to know about online marketing,551,9.839285714285714,3759,6.822141560798548,1421,431,56.0,9.839285714285714,0.7822141560798548,4.248599948146228,0.44819238301381165,"[you, you, you, this, me, which, everyone, there, There, their, their, There, every, All, something, their, what, everybody, their, their, You, your, you, that, that, who, This, they, They, all, you, it, you, you, this, It, they, them, that, You, that, someone, You, there, your, they, It, Anyone, their, They, your, their, that, your, your, you, which, The, who, your, you, One, their, You, your, This, their, who, their, their, that, that, who, their]",0.134,0.006,0.18236446093588943
17,https://insights.blackcoffer.com/evolution-of-advertising-industry/,Evolution of Advertising Industry,428,10.439024390243903,3165,7.394859813084112,1163,345,41.0,10.439024390243903,0.8060747663551402,4.498039662639617,0.34342171717171716,"[We, that, it, this, this, These, their, that, their, it, that, it, that, that, their, itself, This, that, There, that, that, whom, they, it, their]",0.093,0.016,0.0876316738816739
18,https://insights.blackcoffer.com/how-data-analytics-can-help-your-business-respond-to-the-impact-of-covid-19/,How Data Analytics can help your business respond to the impact of COVID-19?,195,16.25,1319,6.764102564102564,499,148,12.0,16.25,0.7589743589743589,6.803589743589744,0.3912768712768713,"[we, ’s, we, they, that, they, that, they, it, It, it, which, they, their, everything, anything, that]",0.094,0.047,0.09166796166796166
19,https://insights.blackcoffer.com/environmental-impact-of-the-covid-19-pandemic-lesson-for-the-future/,Environmental impact of the COVID-19 pandemic – Lesson for the Future,790,14.107142857142858,5255,6.651898734177215,2030,629,56.0,14.107142857142858,0.7962025316455696,5.961338155515371,0.3958860980289551,"[There, their, There, It, their, this, some, their, This, This, There, that, they, Some, This, they, they, it, their, This, this, their, This, it, its, it, They, we, there, that, we, you, you, it, you, you, your, it, your, you, your, your]",0.071,0.103,0.0441591080876795
20,https://insights.blackcoffer.com/how-data-analytics-and-ai-are-used-to-halt-the-covid-19-pandemic/,How Data Analytics and AI are used to halt the COVID-19 Pandemic?,419,14.448275862068966,2662,6.353221957040573,1008,301,29.0,14.448275862068966,0.7183770883054893,6.066661180149783,0.4100283050283051,"[we, It, our, It, us, its, Some, WHO, its, It, that, they, These, that, it, it, which, there, we, it, there, which, what, that, he, their, they, It, they, them, there, some]",0.071,0.022,0.15593822843822838
21,https://insights.blackcoffer.com/difference-between-artificial-intelligence-machine-learning-statistics-and-data-mining/,"What is the difference between Artificial Intelligence, Machine Learning, Statistics, and Data Mining?",1000,9.00900900900901,6648,6.648,2548,769,111.0,9.00900900900901,0.769,3.911203603603604,0.4757927332299194,"[this, all, This, this, all, which, each, what, their, each, we, what, what, that, it, it, which, it, that, this, This, they, That, itself, it, Both, Both, both, these, there, that, its, There, which, us, you, you, you, that, you, you, there, our, you, you, you, you, This, you, you, you, you, This, both, it, which, it, who, their, That, which, That, this, It, that, which, we, we, we, it, It, us, you, our, it, you, you, it, our, it, what, we, we, our, we, it, which, their, This, that, that, it, it, itself, which, It, which, We, our, you, you, there, you, you, it, That, what, whatever, that, its, it, which, its, That, their, all, This]",0.16,0.06,0.19193558535267086
22,https://insights.blackcoffer.com/how-python-became-the-first-choice-for-data-science/,How Python became the first choice for Data Science.,393,8.931818181818182,2653,6.750636132315521,992,254,44.0,8.931818181818182,0.6463104325699746,3.8312514457552624,0.5027521367521367,"[we, that, there, we, this, It, you, you, it, that, everything, you, that, This, It, ’s, it, you, You, you, that, These, that, It, you, your, It, that, that, you, I, it, you, their, we, It, which, that, it, you, you]",0.182,0.005,0.27188644688644686
23,https://insights.blackcoffer.com/how-google-fit-measure-heart-and-respiratory-rates-using-a-phone/,How Google fit measure heart and respiratory rates using a phone camera?,233,13.705882352941176,1434,6.15450643776824,555,177,17.0,13.705882352941176,0.759656652360515,5.786215602120677,0.43758503401360543,"[It, their, its, its, This, their, those, who, their, their, them, their, it, that, its, your, your, your, your, our, someone, it]",0.112,0.0,0.12852891156462584
24,https://insights.blackcoffer.com/what-is-the-future-of-mobile-apps/,What is the future of mobile apps?,675,13.775510204081632,4121,6.105185185185185,1557,448,49.0,13.775510204081632,0.6637037037037037,5.775685563114134,0.46634746339802513,"[what, I, it, I, my, what, themself, that, that, it, who, both, ’s, what, it, there, every, It, They, what, you, it, you, there, What, You, there, you, yourself, you, who, your, you, I, that, you, you, You, you, you, which, you, their, It, You, Your, you, your, Your, its, you, you, which, you, you, you, your, you, you, yourself, you, what, its, that, Some, their, it, which, its]",0.102,0.014,0.16227442969016
25,https://insights.blackcoffer.com/impact-of-ai-in-health-and-medicine/,Impact of AI in health and medicine,399,16.625,2704,6.776942355889724,1061,311,24.0,16.625,0.7794486215538847,6.961779448621555,0.3756125884697314,"[those, that, that, those, They, they, them, which, that, their, which, they, themselves, They, those, that, its, we]",0.156,0.017,0.12596268810554526
26,https://insights.blackcoffer.com/telemedicine-what-patients-like-and-dislike-about-it/,What patients like and dislike about telemedicine?,194,6.928571428571429,1394,7.185567010309279,537,141,28.0,6.928571428571429,0.7268041237113402,3.0621502209131077,0.5095454545454545,"[which, there, that, It, this, It, that, This, There, that, There, they, They, They, they, there, who, they, they, which, their, it, they, their, they, their, There, who, It, their, there, There, which]",0.204,0.032,0.22744949494949493
27,https://insights.blackcoffer.com/how-we-forecast-future-technologies/,How we forecast future technologies?,98,8.909090909090908,717,7.316326530612245,265,81,11.0,8.909090909090908,0.826530612244898,3.8942486085343226,0.2803312629399586,"[our, each, we, It, it, It, nothing, they]",0.081,0.023,0.04611801242236026
28,https://insights.blackcoffer.com/can-robots-tackle-late-life-loneliness/,Can robots tackle late-life loneliness?,414,7.392857142857143,2599,6.277777777777778,1003,304,56.0,7.392857142857143,0.7342995169082126,3.2508626639061426,0.48135964912280715,"[everyone, his, someone, We, This, everyone, their, They, his, we, our, we, our, They, their, They, Everyone, his, himself, them, their, his, their, their, their, they, their, their, They, They, they, this, they, they, their, they, They, They, that, This, They, their, their, their, them, they, them, They, their, They, anything, his, their, They, their, them, we, whom, we, We, someone, who, us, us, our, we, We, we, his, our, We, which, we, we, our, we, ourselves, We, It, our, our, our, It, us, it, his, him, our, our, us, They, our, their, They, they, they, It, their, They, they, themselves, They, They, themselves, their, They, themselves, He, his, he, he, he, It, We]",0.136,0.158,0.05008615288220553
29,https://insights.blackcoffer.com/embedding-care-robots-into-society-socio-technical-considerations/,Embedding care robots into society and practice: Socio-technical considerations,103,10.3,633,6.145631067961165,242,81,10.0,10.3,0.7864077669902912,4.434563106796117,0.45642857142857146,"[that, their, they, You, them, they, they, we, them, it]",0.248,0.023,0.3378571428571428
30,https://insights.blackcoffer.com/management-challenges-for-future-digitalization-of-healthcare-services/,Management challenges for future digitalization of healthcare services,717,11.95,5198,7.249651324965132,2032,563,60.0,11.95,0.7852161785216178,5.094086471408647,0.3976969696969696,"[their, it, their, it, It, that, It, it, it, which, it, who, they, It, This, which, They, It, it, It, who, which, It, it, it, It, It, who, there, there, This, it, their, This, their, there, They, them, which, This, nothing, it, their, their, You, them, their, their, they, their, who, that, they, They, they, their, their, them]",0.143,0.04,0.09488239538239539
31,https://insights.blackcoffer.com/are-we-any-closer-to-preventing-a-nuclear-holocaust/,Are we any closer to preventing a nuclear holocaust?,307,15.35,2000,6.514657980456026,754,215,20.0,15.35,0.7003257328990228,6.420130293159609,0.39726201519568866,"[my, What, we, our, you, all, what, their, It, we, them, what, they, what, we, my, we, who, its, that, We, who, who, who, who, who, who, who, I, Everyone, that, their, there]",0.094,0.196,0.050444275112642455
32,https://insights.blackcoffer.com/will-technology-eliminate-the-need-for-animal-testing-in-drug-development/,Will technology eliminate the need for animal testing in drug development?,572,11.215686274509803,3695,6.45979020979021,1376,429,51.0,11.215686274509803,0.75,4.786274509803921,0.4785533051604483,"[yourself, who, you, You, you, You, it, you, You, your, you, your, you, Your, everyone, it, You, your, your, you, it, which, they, it, It, There, which, it, that, some, All, us, ourselves, it, it, it, our, it, we, it, We, This, their, which, it, it, which, which, them, it, This, it, It, which, they, it, which, they, which, they, that, which, they, This, that, they, we, it, them, We, we, we, them]",0.076,0.094,0.03834140726997871
33,https://insights.blackcoffer.com/will-we-ever-understand-the-nature-of-consciousness/,Will we ever understand the nature of consciousness?,985,13.31081081081081,7140,7.248730964467005,2736,795,74.0,13.31081081081081,0.8071065989847716,5.647166963918234,0.40256850226123964,"[it, our, their, themselves, their, our, that, it, what, it, There, our, both, we, this, that, which, its, its, it, He, there, we, he, He, itself, his, his, his, their, his, both, his, his, what, their, them, that, they, it, the, which, each, This, it, which, what, you, you, it, that, they, our, we, us, which, us, them, we, what, their, This, that, they, we, its, that, that, we, there, that, there, we, it, there, we, which, us, its, this, us, our, it, us, it, our, we, we]",0.051,0.048,0.08824155360468211
34,https://insights.blackcoffer.com/will-we-ever-colonize-outer-space/,Will we ever colonize outer space?,902,13.072463768115941,5758,6.383592017738359,2197,655,69.0,13.072463768115941,0.7261640798226164,5.519451139175423,0.4999897174897173,"[We, all, we, our, it, what, their, its, he, their, one, that, we, it, I, them, they, they, which, they, they, their, which, their, they, this, they, they, what, which, this, their, it, that, their, we, that, which, there, we, it, which, that, he, nothing, we, our, we, what, we, we, that, we, it, this, it, what, what, everyone, its, which, which, that, that, what, we, which, They, its, we, this, we, you, which, that, This, their, they, we, there, which, they, It, something, it, it, some, that, we, our, we, it, it, we, it, Which]",0.115,0.044,0.12432342244842245
35,https://insights.blackcoffer.com/what-is-the-chance-homo-sapiens-will-survive-for-the-next-500-years/,What is the chance Homo sapiens will survive for the next 500 years?,829,10.109756097560975,5224,6.301568154402895,1976,573,82.0,10.109756097560975,0.6911942098914354,4.320380122980964,0.398343484680694,"[We, it, We, their, What, we, our, we, our, that, his, we, everything, we, we, his, they, our, its, its, there, that, us, it, it, that, we, our, our, our, our, All, a, there, that, our, that, us, those, who, that, us, us, what, that, it, both, what, some, what, that, our, What, They, their, that, What, that, It, they, their, what, they, what, All, a, there, that, it, what, there, Our, our, we, That, our, its, our, which, who, it, who, there, there, their, It, someone, we, our, our, that, we, we, them, all, its, us, their, what, that, we, that, there, who]",0.111,0.051,0.06454872646733112
36,https://insights.blackcoffer.com/why-does-your-business-need-a-chatbot/,Why does your business need a chatbot?,405,6.532258064516129,2634,6.503703703703704,1002,286,62.0,6.532258064516129,0.7061728395061728,2.8953723616089206,0.47281052281052294,"[that, He, he, what, he, his, his, he, His, he, he, His, him, this, He, his, his, which, his, his, his, he, his, he, He, Something, his, He, what, his, It, It, his, he, he, his, he, his, he, he, He, his, they, he, He, him, his, He, all, that, ’s, his, This, which, His, which, he, it, His, which, them, We, all, that, which, A, They, What, It, who, He, them, his, there, They, that, he, he, that, it, his, he, there, any, he, that, their, his, it, their, It, what, It, It, his, he, He, his, His, you, his, you, your]",0.139,0.052,0.17849927849927852
37,https://insights.blackcoffer.com/how-you-lead-a-project-or-a-team-without-any-technical-expertise/,How you lead a project or a team without any technical expertise?,666,10.246153846153845,4312,6.474474474474475,1638,484,65.0,10.246153846153845,0.7267267267267268,4.389152229152229,0.43684318555008217,"[you, what, I, it, they, it, their, those, who, this, his, Our, our, our, it, their, we, ’s, what, who, It, everybody, what, that, who, that, it, himself, herself, it, he, she, it, They, what, they, their, their, their, they, them, their, them, him, their, Everyone, something, that, it, their, they, which, it, their, who, who, them, they, These, those, who, they, their, it, he, she, he, she, which, who, what, he, she, They, his, his, His, him, he, we, their, Their, what, it, he, she, his, he, she, its, he, she, his, her, which, we, you, what, What, He, she, what, it, that, what, it, their, it, that, they, their, its, you]",0.127,0.021,0.2201765188834155
38,https://insights.blackcoffer.com/can-you-be-great-leader-without-technical-expertise/,Can You Be Great Leader Without Technical Expertise,233,14.5625,1528,6.55793991416309,606,168,16.0,14.5625,0.721030042918455,6.1134120171673825,0.5148629148629151,"[his, her, themselves, They, something, you, it, my, we, it, we, we, They, that, They, they, it, we, it, us, we, he, that, he, who, his, it, That, his, they, they, their, their, nobody, we, which, your, they, those, who, those, who]",0.166,0.035,0.25395622895622894
39,https://insights.blackcoffer.com/how-does-artificial-intelligence-affect-the-environment/,How does artificial intelligence affect the environment,949,13.557142857142857,6266,6.602739726027397,2473,725,70.0,13.557142857142857,0.7639620653319283,5.728441968989914,0.453966608104539,"[we, it, There, who, that, There, who, it, everyone, what, it, we, its, that, we, it, that, them, that, that, which, This, it, it, we, some, it, it, there, that, that, their, their, What, this, that, its, This, that, what, it, This, There, which, us, which, It, its, us, There, There, it, What, We, all, it, what, Our, it, who, it, that, what, their, there, we, its, which, There, which, It, That, that]",0.132,0.024,0.12155610912076428
40,https://insights.blackcoffer.com/how-to-overcome-your-fear-of-making-mistakes-2/,How to Overcome Your Fear of Making Mistakes,507,6.584415584415584,3262,6.433925049309665,1259,352,77.0,6.584415584415584,0.6942800788954635,2.911478265324419,0.5767808551992226,"[you, your, them, it, your, Our, who, Your, you, we, This, these, I, your, it, you, you, it, you, this, who, that, your, I, I, my, my, your, them, It, I, you, your, ’s, your, it, your, all, that, them, they, your, yourself, each, those, you, each, your, It, you, we, your, you, you, it, you, it, your, that, We, What, your, your, these, you, What, it, your, What, you, you, your, you, you, What, your, it, your, we, our, you, You, you, your, you, you, who, They, you, it, you, your, This, you, what, you, It, you, your, you, you, they, something, what, us, It, it, our, This, it, we, They, their, This, it, We, our, what, you, they, You, what, everyone, This, Your, you, you, this, its, you, you, that, you, you, you, it]",0.16,0.189,0.07680677032717849
41,https://insights.blackcoffer.com/is-perfection-the-greatest-enemy-of-productivity/,Is Perfection the Greatest enemy of Productivity?,571,7.415584415584416,3495,6.120840630472855,1290,367,77.0,7.415584415584416,0.6427320490367776,3.2233265858484774,0.6234313725490195,"[What, oneself, someone, it, we, what, we, we, it, us, this, who, All, They, themselves, each, he, his, he, he, us, their, He, it, himself, it, his, his, he, it, he, he, which, he, his, his, he, They, He, He, his, his, he, his, each, them, They, their, he, his, It, he, it, he, it, he, his, there, it, he, him, his, it, he, his, he, He, his, he, He, his, he, his, all, them, their, which, someone, it, he, He, he, It, who, his, it, he, what, he, he, he, he, he, He, his, his, his, itself, You, they, their, both, it, their, which, some, some, Their, their, their, he, You, something, it, you, that, you, you, anything, You, your, something, that, you, It, that, your, you, your, You, You, you, your, it, that, your, your, which, It, your]",0.155,0.063,0.2626820728291317
42,https://insights.blackcoffer.com/global-financial-crisis-2008-causes-effects-and-its-solution/,Global financial crisis 2008 causes/effects and its solution,721,15.673913043478262,4415,6.123439667128988,1605,515,46.0,15.673913043478262,0.7142857142857143,6.5552795031055915,0.4355333189399124,"[who, which, there, which, it, which, their, It, it, it, they, them, they, it, They, some, that, them, that, they, their, anything, their, This, this, who, their, that, they, who, some, who, their, them, that, which, that]",0.132,0.123,0.10753286396143541
43,https://insights.blackcoffer.com/gender-diversity-and-equality-in-the-tech-industry/,Gender diversity and Equality in the tech industry,869,10.597560975609756,5715,6.576524741081703,2159,611,82.0,10.597560975609756,0.7031070195627158,4.520267198068988,0.35501479812704323,"[there, you, which, it, they, there, their, that, we, that, everyone, It, everyone, we, our, their, themselves, this, we, it, our, which, our, it, their, that, them, We, it, There, which, we, their, their, this, their, which, there, there, it, It, there, their, they, We, who, this, It, something, we, our, these, we, it, There, their, there, There, itself, that, there, any, that, everyone, their, it, they, which, their, that, their, who, It, It, that, there, there, which, It, their, what]",0.123,0.058,0.10186831875607386
44,https://insights.blackcoffer.com/how-to-overcome-your-fear-of-making-mistakes/,How to overcome your fear of making mistakes?,539,6.822784810126582,3476,6.448979591836735,1341,374,79.0,6.822784810126582,0.6938775510204082,3.0066649444587963,0.5635668934240364,"[its, us, that, we, you, your, them, it, your, Our, who, Your, you, we, This, these, I, your, it, you, you, it, you, this, who, that, your, I, I, my, my, your, them, It, I, you, your, ’s, your, it, your, all, that, them, they, your, yourself, each, those, you, each, your, It, you, we, your, you, you, it, you, it, your, that, We, What, your, your, these, you, What, it, your, What, you, you, your, you, you, What, your, it, your, we, our, you, You, you, your, you, you, who, They, you, it, you, your, This, you, what, you, It, you, your, you, you, they, something, what, us, It, it, our, This, it, we, They, their, This, it, We, our, what, you, they, You, what, everyone, This, Your, you, you, this, its, you, you, that, you, you, you, it]",0.157,0.189,0.07263869992441419
45,https://insights.blackcoffer.com/how-small-business-can-survive-the-coronavirus-crisis/,How Small Business can survive the Coronavirus Crisis,838,15.518518518518519,5359,6.394988066825776,1984,580,54.0,15.518518518518519,0.6921241050119332,6.484257049412182,0.4489474447908183,"[we, its, they, which, its, which, their, which, which, we, them, which, they, their, they, there, they, them, they, they, their, It, they, both, them, they, this, it, them, them, it, It, it, This, they, which, they, this, they, which, it, they, they, their, which, their, their, which, they, their, This, they, it, them, them, It, which, it, it, which, which, they, what, It, they, it, them, They, their, it, they, them, There, which, This, them, which, they, It, It, what, It, which, our, we, we, their, which, there, that, that, which, which, our, their, we, our, them, them, You, your, you, this, its]",0.124,0.071,0.03793595962270661
46,https://insights.blackcoffer.com/impacts-of-covid-19-on-vegetable-vendors-and-food-stalls/,Impacts of COVID 19 on Food products,442,19.217391304347824,2960,6.6968325791855206,1101,337,23.0,19.217391304347824,0.7624434389140271,7.99193389730474,0.4100396874081084,"[they, their, that, this, it, they, they, they, their, those, who, their, themselves, that, which, who, their, which, their, who, we]",0.111,0.042,0.06652211336421861
47,https://insights.blackcoffer.com/impacts-of-covid-19-on-vegetable-vendors/,Impacts of COVID 19 on Vegetable Vendors,720,19.45945945945946,4967,6.898611111111111,1824,551,37.0,19.45945945945946,0.7652777777777777,8.089894894894895,0.3976110226110225,"[it, which, who, who, that, #, their, they, they, their, that, this, it, they, they, they, their, their, those, who, all, their, themselves, this, that, who, it, which, their, their, those, we, This]",0.101,0.036,0.06364806364806361
48,https://insights.blackcoffer.com/impact-of-covid-19-pandemic-on-tourism-aviation-industries/,Impact of COVID-19 pandemic on Tourism & Aviation industries,984,13.479452054794521,6394,6.497967479674797,2419,730,73.0,13.479452054794521,0.741869918699187,5.688528789397484,0.4140623203956537,"[they, they, a, we, us, what, who, it, their, it, they, us, Those, who, which, their, they, it, that, our, their, which, our, we, our, they, they, they, they, our, everyone, they, which, they, There, who, their, themselves, it, their, us, their, which, They, who, which, whom, They, them, there, all, This, their, what, their, it, some, their, This, themselves, their, it, Their, their, them, they, which, them, their, it, that, They, they]",0.084,0.096,0.07622287691732134
49,https://insights.blackcoffer.com/impact-of-covid-19-pandemic-on-sports-events-around-the-world/,Impact of COVID-19 pandemic on sports events around the world.,2296,11.774358974358975,13270,5.779616724738676,4816,1429,195.0,11.774358974358975,0.6223867595818815,4.958698293576344,0.3315663503163504,"[which, their, which, its, its, their, its, that, it, its, its, its, that, their, which, that, who, some, that, its, its, its, its, its, its, its, It, that, its, that, its, its, which, its, which, its, its, its]",0.095,0.082,0.04960279082619508
50,https://insights.blackcoffer.com/changing-landscape-and-emerging-trends-in-the-indian-it-ites-industry/,Changing landscape and emerging trends in the Indian IT/ITeS Industry.,954,11.493975903614459,6423,6.732704402515723,2434,727,83.0,11.493975903614459,0.7620545073375262,4.902412164380794,0.46124592037343715,"[our, its, their, both, there, some, their, what, it, that, what, we, them, we, that, all, it, our, they, some, that, their, nothing, there, its, it, It, it, their, they, they, that, your, your, what, This, that, it, it, that, it, their, They, themselves, they, their, This, their, itself, its, that, which, all, our, which, it, these, its, its, which, He, any, which, its, What, it, us, we, we, that, This, us, we, their, their, that, whom, that, This, their, who, their, themselves, their, What, they, our, I, our, that, that, we, it, some, that, we, It, who, our]",0.068,0.041,0.019572268708174752
51,https://insights.blackcoffer.com/online-gaming-adolescent-online-gaming-effects-demotivated-depression-musculoskeletal-and-psychosomatic-symptoms/,"Online gaming: Adolescent online gaming effects demotivated, depression, musculoskeletal, and psychosomatic symptoms.",960,16.0,6650,6.927083333333333,2580,782,60.0,16.0,0.8145833333333333,6.725833333333334,0.37167676767676755,"[that, it, their, that, It, WHO, WHO, its, What, WHO, which, WHO, their, its, who, WHO, that, there, that, who, who, There, This, it, those, who, It, their, who, this, who, those, who, It, his, their, it, This, It, their, his, her, their, their, it]",0.077,0.068,0.018814935064935066
52,https://insights.blackcoffer.com/human-rights-outlook/,Human Rights Outlook,93,10.333333333333334,570,6.129032258064516,219,67,9.0,10.333333333333334,0.7204301075268817,4.421505376344086,0.4681610056610056,"[What, what, our, you, your, that, you, them, you, you, we, you, her, what, us]",0.084,0.014,0.2584290709290709
53,https://insights.blackcoffer.com/how-voice-search-makes-your-business-a-successful-business/,How Voice search makes your business a successful business.,567,12.886363636363637,3445,6.075837742504409,1279,394,44.0,12.886363636363637,0.6948853615520282,5.432499599166267,0.47622115856651936,"[something, your, you, your, you, that, you, that, they, them, who, What, there, who, who, they, they, your, you, your, This, we, that, some, what, This, it, you, your, your, that, your, We, they, it, me, something, you, you, your, your, your, their, you, it, they, They, they, you, what, you, your, your, there, that, these, all, it, your, you, your, they, your]",0.147,0.008,0.15826583210603828
54,https://insights.blackcoffer.com/how-the-covid-19-crisis-is-redefining-jobs-and-services/,How the COVID-19 crisis is redefining jobs and services?,940,7.833333333333333,6231,6.628723404255319,2389,679,120.0,7.833333333333333,0.7223404255319149,3.4222695035460995,0.43117604617604605,"[it, it, we, what, we, its, It, it, Who, some, that, we, What, it, what, them, these, This, who, They, themselves, There, There, their, itself, it, There, It, that, This, it, It, which, who, they, that, them, It, what, they, which, their, their, this, they, which, which, It, something, which, There, this, this, we, it, this, It, it, It, its, it, This, him, their, itself, that, they, everything, their, they, them, their, their, it, everything, them, their, us, which, This, This, their, them, their, their, their, they, it, There, they, it, We, who, their, some, There, This, it, it, This, which, this, him, they, there]",0.096,0.048,0.10960267701647014
55,https://insights.blackcoffer.com/how-to-increase-social-media-engagement-for-marketers/,How to increase social media engagement for marketers?,1023,10.882978723404255,6708,6.557184750733138,2494,741,94.0,10.882978723404255,0.7243401759530792,4.642927559742934,0.4301200801782199,"[our, it, their, it, it, it, It, we, it, you, your, who, your, it, your, we, it, This, their, it, him, their, its, It, what, its, Some, that, we, its, your, someone, who, their, their, whom, they, their, it, its, its, everyone, it, some, What, who, their, Their, its, their, There, I, they, this, which, its, their, them, It, we, them, their, them, them, it, its, what, they, that, they, it, it, Their, them, its, its, there, it, what, what, it, its, its, its, its, something, This, You, you, it, someone, it, this, that, they, they, they, it, This, that, its, it, their, it, they, it, its, it, that, it, who, its, it]",0.161,0.017,0.15788537367025748
56,https://insights.blackcoffer.com/impacts-of-covid-19-on-streets-sides-food-stalls/,Impacts of COVID 19 on Streets Sides Food Stalls,627,13.340425531914894,4051,6.460925039872408,1542,426,47.0,13.340425531914894,0.6794258373205742,5.607940547694188,0.4424435980685981,"[that, them, their, their, that, their, it, that, this, them, they, they, they, yourself, their, it, them, that, which, It, that, it, who, he, he, which, our, who, themselves, that, that, who, them, there, their, themselves, their, they, they, them, they, our, us, our, our, we, them, It, them, they, it]",0.106,0.072,0.09475304998032269
57,https://insights.blackcoffer.com/coronavirus-impact-on-energy-markets-2/,Coronavirus impact on energy markets,1131,18.241935483870968,7392,6.535809018567639,2706,808,62.0,18.241935483870968,0.7144120247568524,7.582539003451129,0.4176384998443821,"[This, It, It, it, any, itself, we, that, their, which, It, any, they, it, It, there, which, This, they, This, it, This, This, their, it, those, which, which]",0.066,0.075,0.028941798941798946
58,https://insights.blackcoffer.com/coronavirus-impact-on-the-hospitality-industry-5/,COVID-19 Impact on Hospitality Industry,569,10.942307692307692,3666,6.442882249560633,1381,408,52.0,10.942307692307692,0.7170474516695958,4.663742057590915,0.44031424281424264,"[every, WHO, it, its, that, we, all, these, they, you, my, it, its, its, their, they, which, it, their, they, my, you, it, their, their, there, it, they, its, their, them, they, that, it, who, we, this]",0.09,0.11,0.090408891033891
59,https://insights.blackcoffer.com/lessons-from-the-past-some-key-learnings-relevant-to-the-coronavirus-crisis-4/,Lessons from the past: Some key learnings relevant to the coronavirus crisis,633,8.554054054054054,4148,6.552922590837283,1607,447,74.0,8.554054054054054,0.7061611374407583,3.7040860765979255,0.44506220670086244,"[we, We, it, We, ourselves, we, we, that, we, we, There, we, we, it, us, We, there, that, we, this, What, we, it, We, we, we, It, themselves, there, This, which, us, that, their, we, we, their, they, their, This, They, itself, them, This, something, that, they, their, This, it, that, their, we, our, them, Our, it, this, us, our, we, We, We, we, We, our, them, We, that, I, there, that, we, these, there, we, our, We, we, our, we, We, them, Our, us, that, we, we, that, it]",0.128,0.111,0.11541107352031724
60,https://insights.blackcoffer.com/estimating-the-impact-of-covid-19-on-the-world-of-work-2/,Estimating the impact of COVID-19 on the world of work,614,16.157894736842106,3999,6.513029315960912,1536,447,38.0,16.157894736842106,0.7280130293159609,6.754363106463227,0.432465963987703,"[us, which, its, It, itself, this, what, something, that, us, our, it, which, we, that, we, its, which, this, its, it, it, them, their, them, their, themselves, their, which, their, us, we, They, their, It, their, it, that, its, It, there, their, we, some, our, us, ourselves, we, all, this, us, us, this, It, their, everything, its, which, it, we, its]",0.118,0.063,0.07701032059727714
61,https://insights.blackcoffer.com/estimating-the-impact-of-covid-19-on-the-world-of-work-3/,Estimating the impact of COVID-19 on the world of work,837,14.186440677966102,5382,6.43010752688172,2004,556,59.0,14.186440677966102,0.6642771804062126,5.940287143348926,0.3320952891749352,"[It, We, itself, who, Their, It, its, it, we, which, their, it, that, It, it, This, there, its, we, their, their]",0.088,0.121,0.08320542957227141
62,https://insights.blackcoffer.com/travel-and-tourism-outlook/,Travel and Tourism Outlook,105,9.545454545454545,601,5.723809523809524,226,69,11.0,9.545454545454545,0.6571428571428571,4.081038961038961,0.42491206709956714,"[This, What, what, our, you, your, that, you, them, you, you, we, you, her, what, us]",0.116,0.015,0.27325487012987015
63,https://insights.blackcoffer.com/gaming-disorder-and-effects-of-gaming-on-health/,Gaming Disorder and Effects of Gaming on Health.,613,10.216666666666667,3927,6.406199021207178,1496,444,60.0,10.216666666666667,0.7243066884176182,4.376389342033714,0.433699181253529,"[’s, itself, us, It, our, it, we, our, we, his, that, our, it, We, we, his, his, our, He, his, his, he, He, his, He, It, that, he, something, we, it, they, him, their, their, He, his, him, his, he, us, it, he, He, his, it, his, him, he, his, he, his, his, his, his, his, our, which, anyone, he, He, We, we, we, he, his, he, his, his, we, their, their, their, they, their, that, we, our, that, their, our, our, he, Everyone, we, our, our, Our, there, that, that, Anything]",0.098,0.135,0.061628905514775074
64,https://insights.blackcoffer.com/what-is-the-repercussion-of-the-environment-due-to-the-covid-19-pandemic-situation/,What is the repercussion of the environment due to the COVID-19 pandemic situation?,394,11.257142857142858,2416,6.131979695431472,898,277,35.0,11.257142857142858,0.7030456852791879,4.784075416968818,0.4058518110242248,"[What, It, WHO, What, it, their, which, it, we, we, it, us, who, which, us, our, our, our, This, what, they, this, There, that, their, there, that, what, you, it, yourself]",0.076,0.1,0.05948027068716724
65,https://insights.blackcoffer.com/what-is-the-repercussion-of-the-environment-due-to-the-covid-19-pandemic-situation-2/,Due to the COVID-19 the repercussion of the environment,675,13.5,4581,6.786666666666667,1729,501,50.0,13.5,0.7422222222222222,5.696888888888889,0.3914643689643688,"[which, it, ’s, our, there, there, they, which, which, which, which, This, This, which, which, which, the, which, This, there, There, they, we, which, us, There, This, which, which]",0.074,0.151,0.05715384749658943
66,https://insights.blackcoffer.com/impact-of-covid-19-pandemic-on-office-space-and-co-working-industries/,Impact of COVID-19 pandemic on office space and co-working industries.,532,14.0,3399,6.389097744360902,1312,390,38.0,14.0,0.7330827067669173,5.893233082706767,0.43600658062867365,"[its, we, it, it, We, which, it, This, it, them, which, which, it, their, our, our, our, our, it, their, which, it, their, that, their, their, there, there, who, their, This, some, it, which, them, their, there, it, that, that, they, they, This, they, he, his, they, which, they, their, which, its, this, that, This, there, this, them, there, which, they, we, our, which, itself, they, everyone, we, we, it, us, our, our]",0.098,0.097,0.06413482834994465
67,https://insights.blackcoffer.com/contribution-of-handicrafts-visual-arts-literature-in-the-indian-economy/,Contribution of handicrafts (Visual Arts & Literature) in the Indian economy,264,22.0,1762,6.674242424242424,638,200,12.0,22.0,0.7575757575757576,9.103030303030303,0.4354901960784313,"[they, their, their, it, our, It, it, that, This]",0.101,0.019,0.10517156862745097
68,https://insights.blackcoffer.com/how-covid-19-is-impacting-payment-preferences/,How COVID-19 is impacting payment preferences?,370,11.935483870967742,2144,5.794594594594595,773,245,31.0,11.935483870967742,0.6621621621621622,5.039058413251961,0.3884276094276094,"[I, I, one, our, they, it, they, that, them, who, this, their, There, their, their, them, They, This, all, we, YOU, We, all, It, That, it]",0.139,0.033,0.09073063973063976
69,https://insights.blackcoffer.com/how-will-covid-19-affect-the-world-of-work-2/,How will COVID-19 affect the world of work?,627,19.59375,4228,6.7432216905901115,1569,471,32.0,19.59375,0.7511961722488039,8.137978468899522,0.41270382395382393,"[our, which, There, there, it, It, this, we, This, there, everyone, our, they, they, which, There, which, that, there, which, which, we, all, this, their, all, which, It, my, This, that, this, what, their, their, who, they, their, WHO, there, that, there, that]",0.09,0.135,0.08566630591630595
70,https://insights.blackcoffer.com/lessons-from-the-past-some-key-learnings-relevant-to-the-coronavirus-crisis/,Lessons from the past: Some key learnings relevant to the coronavirus crisis,333,10.741935483870968,1903,5.714714714714715,719,222,31.0,10.741935483870968,0.6666666666666666,4.563440860215054,0.5199829931972789,"[it, that, we, it, It, that, we, we, we, all, we, us, it, everything, we, our, I, we, we, I, who, we, all, we, all, everything, I, my, me, We, We, it, it, we, it, I, I, my, it, everyone, me, we, all, we, we, all, us, our, what, we, we, it, We, what, anyone, We, who, we, we, us, all, There, that, we, them, that, everyone, itself, its, what, its, them, they, they, their, We, everyone, his, my, it, It, everyone, us, who, their, we, our, It, me, we, we, we, we, we, them, ’s, there, there, there]",0.112,0.102,0.2563350340136055
71,https://insights.blackcoffer.com/covid-19-how-have-countries-been-responding/,COVID-19: How have countries been responding?,649,13.808510638297872,4189,6.454545454545454,1552,481,47.0,13.808510638297872,0.7411402157164869,5.819860341605743,0.3261895743145744,"[WHO, WHO, their, WHO, half, WHO, there, all, there, all, its, its, something, its, which, both, anyone, who, which, its, which, that, all, there, some, anyone]",0.046,0.134,0.04362853371376099
72,https://insights.blackcoffer.com/coronavirus-impact-on-the-hospitality-industry-2/,How Coronavirus Impact on the Hospitality Industry,575,11.057692307692308,3981,6.923478260869565,1523,458,52.0,11.057692307692308,0.7965217391304348,4.741685618729098,0.46500592661306944,"[it, all, their, their, they, their, those, who, that, Their, that, their, their, that, there, there, which, that, it, they, their, their, that, who, their, that, their, it, there, It, They, their, their, It, they, that, them, Their, These, there, it, those, that, all, their, their, that, that, it, it, It, their, those]",0.071,0.13,0.05916069710712567
73,https://insights.blackcoffer.com/how-will-covid-19-affect-the-world-of-work-3/,How will COVID-19 affect the world of work?,617,11.641509433962264,4156,6.7358184764991895,1559,453,53.0,11.641509433962264,0.7341977309562399,4.950282865967402,0.4287342287342288,"[that, its, that, what, it, that, those, which, their, their, this, its, It, them, that, their, It, those, its, themselves, It, you, yourself, whom, you, their, We, us, its, his, what, their, that, It, that]",0.104,0.109,0.11332926332926331
74,https://insights.blackcoffer.com/coronavirus-impact-on-the-hospitality-industry-3/,Coronavirus: Effect on the Hospitality Industry,756,13.745454545454546,4865,6.435185185185185,1813,543,55.0,13.745454545454546,0.7182539682539683,5.785483405483406,0.3846937353833905,"[who, there, all, there, It, its, their, our, they, their, we, that, WHAT, This, it, this, there, its, they, This, their, nothing, This, us, some, that, which, its, their, This, its, their, some, his, This, It, whatever, it, It, their, everything, A, there, there, WHAT, this, anyone, ’s, We, it, us, I, we, all, I, its, It, we, these, them]",0.088,0.09,0.055118301238990905
75,https://insights.blackcoffer.com/estimating-the-impact-of-covid-19-on-the-world-of-work/,Estimating the impact of COVID-19 on the world of work,872,12.457142857142857,5564,6.3807339449541285,2102,618,70.0,12.457142857142857,0.7087155963302753,5.2663433813892535,0.4734675875821709,"[These, that, you, it, it, everything, what, what, it, everyone, those, our, He, who, his, all, its, it, we, it, their, which, both, their, its, its, These, there, this, those, who, it, their, their, there, that, that, its, This, them, their, its, We, this, their, their, their, their, they, there, which, its, its, It, their, that, it, their, their, it, all, us, their, its, YOUR]",0.127,0.106,0.0319966530383197
76,https://insights.blackcoffer.com/covid-19-how-have-countries-been-responding-2/,COVID-19: How have countries been responding?,1147,15.930555555555555,7158,6.240627724498692,2678,785,72.0,15.930555555555555,0.6843940714908456,6.64597985081856,0.3716315493749122,"[anything, it, his, who, he, that, This, that, which, It, its, it, their, which, this, This, that, those, who, they, itself, each, their, that, which, which, their, This, their, This, them, it, their, their, This, their, its, their, its, It, It, itself, them, its, It, This, that, We, we, it]",0.095,0.059,-0.01497857845202978
77,https://insights.blackcoffer.com/how-will-covid-19-affect-the-world-of-work-4/,How will COVID-19 affect the world of work?,482,43.81818181818182,2553,5.296680497925311,917,276,11.0,43.81818181818182,0.5726141078838174,17.756318370426253,0.4795216550424884,"[it, which, your, you, you, you, yourself, it, which, which, we, our, we, which, we, we, we, we, that, we, i, we, i, you, i, it, my, we, which, there, there, our, my, she, we, who, my, we, you, I, their, she, me, what, we, she, She, my, she, our, her, What, you, she, us, she, I, I, you, she, I, I, I, which, I, I, we, we, we, our, me, we, which, that, we, we, we, our, we, we, we, this, they, this, we, ’s, which, we, we, we, us, My, we, we, it]",0.087,0.094,0.06827476150392814
78,https://insights.blackcoffer.com/lessons-from-the-past-some-key-learnings-relevant-to-the-coronavirus-crisis-2/,Lessons from the past: Some key learnings relevant to the coronavirus crisis,1159,16.557142857142857,7675,6.622088006902502,2881,852,70.0,16.557142857142857,0.7351164797238999,6.916903734746703,0.43257306037679866,"[The, you, you, we, itself, its, us, We, which, their, our, What, it, those, it, that, it, which, that, which, those, that, They, one, we, which, us, they, that, which, which, that, it, What, it, its, Their, their, who, their, who, their, which, there, that, it, it, What, we, there, which, that, its, All, Both, We, We, its, we, We, what, we, it, There, You, that, it]",0.101,0.13,0.06639408099688471
79,https://insights.blackcoffer.com/lessons-from-the-past-some-key-learnings-relevant-to-the-coronavirus-crisis-3/,Lessons from the past: Some key learnings relevant to the coronavirus crisis,651,8.1375,3897,5.986175115207374,1477,439,80.0,8.1375,0.674347158218126,3.5247388632872503,0.496595739095739,"[that, us, what, which, which, that, who, who, who, their, who, their, there, it, it, it, Some, them, You, some, your, There, anyone, it, everyone, it, their, it, one, your, You, your, there, there, You, your, them, their, that, there, that, you, it, you, It, that, their, their, you, who, they, their, this, these, it, us, anything, it, who, us, who, It, us, that, we, they, Everyone, that, everyone, their, You, yourself, It, you, you, their, They, we, This, your, you, you, it, you, you, your, it, your, which, you, your, your, It, nothing, it, you, yourself, You, yourself, Your, your, you, it, it, It, it, that, it, I]",0.133,0.095,0.11211116961116958
80,https://insights.blackcoffer.com/coronavirus-impact-on-the-hospitality-industry-4/,Coronavirus: Impact on the Hospitality Industry,219,13.6875,1473,6.726027397260274,527,150,16.0,13.6875,0.684931506849315,5.748972602739727,0.4607517482517482,"[its, those, us, that, This, which, you, which, it, This, all]",0.067,0.088,0.07287296037296037
81,https://insights.blackcoffer.com/why-scams-like-nirav-modi-happen-with-indian-banks/,Why scams like Nirav Modi Happen with Indian banks?,1345,15.284090909090908,8782,6.529368029739777,3239,964,88.0,15.284090909090908,0.7167286245353159,6.40032781345049,0.3307033002839456,"[who, I, there, that, whom, which, he, which, who, that, they, his, himself, it, his, he, his, which, that, that, he, which, which, its, There, which, that, their, This, It, their, their, his, he, This, which, it, It, They, who, which, that, those, some, which, this, that, It, which, which, there, that, This, This, their, which, their, them, them, its, he, its, his, all, its, which, who]",0.08,0.136,0.02910643299352978
82,https://insights.blackcoffer.com/impact-of-covid-19-on-the-global-economy/,IMPACT OF COVID-19 ON THE GLOBAL ECONOMY,756,11.8125,4584,6.063492063492063,1744,525,64.0,11.8125,0.6944444444444444,5.002777777777778,0.47803019995877105,"[It, I, my, I, my, me, I, my, who, me, they, all, It, I, I, I, it, there, that, I, My, that, we, I, who, me, it, it, all, their, us, all, These, some, which, us, there, I, I, someone, who, me, It, we, that, who, it, his, that, this, our, they, anything, that, it, what, what, it, which, which, it, They, who, Some, some, which, their, them, your, it, his, your, that, our, that, our, our, our, this, there, my, her, Who, my, What, I, They, who, us, them, their, our, he, someone, I, it, what, what, which, we, this, this, My, who, I, she, she, She, our, our, us, what, me, we, our, which, What, all, I, her, her, I, her, her, it, her, there, who, There, our, who, their, it, This, there, this, their, their, that, their, our, that, their, their, their, they, it, all, I, them, one, your, who, all, us, your, your, yourself, our, me, my, it, we, all, nobody, what, nobody, me, it, my, some, that, anything, whatever, you, you, it, you, them, who, someone, it, someone, who, you, yourself, your, we, all]",0.137,0.116,0.0954523036487322
83,https://insights.blackcoffer.com/impact-of-covid-19coronavirus-on-the-indian-economy-2/,Impact of coronavirus on the Indian economy,1031,11.988372093023257,6371,6.179437439379243,2402,718,86.0,11.988372093023257,0.6964112512124151,5.073913337694269,0.433382405265967,"[There, that, what, we, them, it, we, all, which, us, that, those, it, it, themselves, their, their, it, you, there, there, which, it, that, which, its, its, these, their, That, their, He, his, his, their, we, him, There, that, we, There, I, my, he, he, he, he, I, I, I, my, he, who, that, its, themselves, its, that, There, it, which, This, they, what, them, their, he, it, it, they, their, who, I, they, he, some, There, their, who, that, This, it, its, there]",0.089,0.116,0.07181054675917688
84,https://insights.blackcoffer.com/impact-of-covid-19-on-the-global-economy-2/,Global Economy effected by Coronavirus,1060,14.133333333333333,6781,6.3971698113207545,2554,787,75.0,14.133333333333333,0.7424528301886792,5.950314465408805,0.4375210902918223,"[those, it, it, yourself, your, your, it, you, there, there, Which, we, itself, it, it, there, their, that, this, those, which, there, it, These, it, their, We, there, It, some, those, that, our, they, We, that, we, our, that, this, itself, this, your, his, her, that, We, ourselves, our, we, we, our, all, their, That, they, it, its, We, He, all, some, it, they, their, we, it, it, that, this, we, there, there, which, we, it, this]",0.12,0.11,0.10608027311441948
85,https://insights.blackcoffer.com/impact-of-covid-19-coronavirus-on-the-indian-economy-3/,Impact of COVID-19 (Coronavirus) on the Indian Economy,1303,19.742424242424242,8091,6.20951650038373,2962,878,66.0,19.742424242424242,0.6738296239447429,8.166501546547595,0.3923359130948417,"[its, our, our, our, our, this, we, there, it, its, its, that, which, it, which, their, who, which, both, its, which, they, their, What, all, that, What, what, which, that, their, our, that, What, which, their, their, both, it, what, that, this, which, it, It, that, we, us, which, which, There, We, our, our, we, we, we, this, we]",0.112,0.113,0.07752795319759606
86,https://insights.blackcoffer.com/should-celebrities-be-allowed-to-join-politics/,Should celebrities be allowed to join politics?,1014,15.84375,7014,6.9171597633136095,2683,768,64.0,15.84375,0.757396449704142,6.640458579881657,0.37925514800514815,"[who, that, what, they, what, they, they, their, which, them, their, it, that, which, who, they, it, we, that, her, its, which, themselves, their, their, that, they, him, his, that, his, who, those, who, those, who, that, him, It, that, their, who, his, their, them, their, their, that, that, who, It, he, his, he, his, his, its, that, he, his, their, all, whom, that, its, that, it, who, that, they, their, This, who, who, his, who, her, her, those, who, It, there, that, their, their, who, her, his, some, that, he, his, he, his, that, she, her, it, our, What, who, their, it, it, these, that, any, we, this, them, its, them, them, its, itself]",0.099,0.033,0.13463349713349712
87,https://insights.blackcoffer.com/how-prepared-is-india-to-tackle-a-possible-covid-19-outbreak/,How prepared is India to tackle a possible COVID-19 outbreak?,485,14.696969696969697,3146,6.48659793814433,1170,339,33.0,14.696969696969697,0.6989690721649484,6.158375507653858,0.39133226324237563,"[their, it, there, which, all, them, there, who, you, it, they, they, their, their, This, it, the, we, which, a, who, who, their, their, there, who, themselves, their, who, their, who, these, who, I, our, we, our, what]",0.057,0.107,0.052994633331711984
88,https://insights.blackcoffer.com/how-will-covid-19-affect-the-world-of-work/,How will COVID-19 affect the world of work?,968,14.892307692307693,6392,6.603305785123967,2399,718,65.0,14.892307692307693,0.7417355371900827,6.25361729179911,0.44738095238095243,"[he, his, This, who, itself, those, who, we, that, it, another, our, those, their, their, it, which, there, Who, which, Those, that, they, which, their, their, their, which, it, that, who, it, that, that, both, their, they, their, that, their, its, Some, it, it, which, It, It, It, them, everyone, they, It, What, what, What, what, them, me, it, we, everyone, we, thy, thyself, I, something, we, all, something, that, we]",0.081,0.123,0.025510091453800066
89,https://insights.blackcoffer.com/controversy-as-a-marketing-strategy/,Controversy as a Marketing Strategy,536,11.911111111111111,3516,6.559701492537314,1349,403,45.0,11.911111111111111,0.7518656716417911,5.0651907131011615,0.536238425925926,"[Their, It, they, it, it, something, that, their, We, We, something, that, our, us, which, them, They, they, it, that, something, that, their, It, both, itself, It, it, it, them, Some, them, its, It, it, some, They, It, that, which, it, someone, we, something, it, that, their, it, it, They, anything, that, their, everything, their, them, it, their, something, it, everything, that, who, he, it, it, its, they, their, It, it, who, it, we, it, its, it, itself, it, it]",0.157,0.063,0.1936226851851852
90,https://insights.blackcoffer.com/coronavirus-impact-on-the-hospitality-industry/,Coronavirus: Impact on the Hospitality Industry,454,15.133333333333333,2864,6.308370044052864,1053,321,30.0,15.133333333333333,0.7070484581497798,6.336152716593245,0.43244460341917956,"[I, what, it, its, that, it, who, which, which, there, This, who, This, There, All, that, these]",0.032,0.049,0.07779734389903879
91,https://insights.blackcoffer.com/coronavirus-impact-on-energy-markets/,Coronavirus impact on energy markets,1107,22.14,7063,6.3803071364046975,2696,796,50.0,22.14,0.7190605239385727,9.14362420957543,0.40128760128760127,"[that, This, ii)Chinese, This, which, which, This, their, that, we, which, we, This, their, that, all, which, that, their, which, its, its, its, These, his, its, This, it, it, which]",0.066,0.106,0.013231213231213226
92,https://insights.blackcoffer.com/what-are-the-key-policies-that-will-mitigate-the-impacts-of-covid-19-on-the-world-of-work/,What are the key policies that will mitigate the impacts of COVID-19 on the world of work?,1064,15.2,7090,6.663533834586466,2656,805,70.0,15.2,0.756578947368421,6.382631578947368,0.45195810307417456,"[which, it, who, their, it, his, all, any, it, it, that, who, them, That, each, This, who, there, that, them, this, what, which, them, its, It, everyone, everyone, it, It, that, your, his, they, they, their, their, he, it, its, his, her, this, their, you, what, it, it, his, her, their, his, her, what, their, them, their, their, them, it, your, you, you, what, it, you, it, their, this, its, it, its, that, that, this, their, what, it, These, that, their, it, they, their, its, who, that, that, your, whatever, which, These, that]",0.12,0.024,0.1337564419707276
93,https://insights.blackcoffer.com/marketing-drives-results-with-a-focus-on-problems/,Marketing Drives Results With A Focus On Problems,816,13.830508474576272,5219,6.395833333333333,1968,604,59.0,13.830508474576272,0.7401960784313726,5.828281821203058,0.434461460970895,"[their, they, their, They, What, that, that, it, it, your, it, you, that, These, What, What, you, What, your, it, what, I, they, There, it, it, he, she, you, its, his, her, one, that, its, which, which, its, their, who, their, who, their, his, which, they, we, what, there, which, you, your, you, you, you, he, your, that, we, it, You, you, anything, one, its, it, it, it, this, it, we, which, which, which, what, their, they, which, it, us, it]",0.089,0.059,0.07345173432437582
94,https://insights.blackcoffer.com/continued-demand-for-sustainability/,Continued Demand for Sustainability,630,15.365853658536585,4700,7.4603174603174605,1823,510,41.0,15.365853658536585,0.8095238095238095,6.470150987224158,0.4468902356902356,"[that, that, that, it, them, them, their, them, that, their, that, its, which, their, They, they, its, there, its, its, its, which, It, which, it, its, It, its, all, their, This, its, their, It, its]",0.147,0.082,0.056099663299663295
95,https://insights.blackcoffer.com/coronavirus-disease-covid-19-effect-the-impact-and-role-of-mass-media-during-the-pandemic/,Coronavirus Disease (COVID-19) Effect: The Impact and Role of Mass Media During the Pandemic,230,16.428571428571427,1655,7.195652173913044,660,184,14.0,16.428571428571427,0.8,6.8914285714285715,0.3365395021645022,"[that, we, our, our, our, what, which, what, our, we, ourselves, that, we, ourselves, we]",0.121,0.091,0.047522659632034635
96,https://insights.blackcoffer.com/should-people-wear-fabric-gloves-seeking-evidence-regarding-the-differential-transfer-of-covid-19-or-coronaviruses-generally-between-surfaces/,Should people wear fabric gloves? Seeking evidence regarding the differential transfer of COVID-19 (or coronaviruses generally) between surfaces?,174,12.428571428571429,984,5.655172413793103,370,119,14.0,12.428571428571429,0.6839080459770115,5.244991789819377,0.3664944903581267,"[there, another, your, I, I, this, no, I, each, I, my, this, I, someone, who, it, every, you, this, us, our, you]",0.093,0.066,0.1766528925619835
97,https://insights.blackcoffer.com/why-is-there-a-severe-immunological-and-inflammatory-explosion-in-those-affected-by-sarms-covid-19/,Why is there a severe immunological and inflammatory explosion in those affected by sarms covid-19?,200,10.0,1267,6.335,477,131,20.0,10.0,0.655,4.262,0.48556547619047624,"[there, those, il-6, my, what, I, another, its, which, which, its, this, my, those, it, it, it, I, My, him, it, that, their, It, that, itself, which, they, they]",0.062,0.093,0.015525793650793651
98,https://insights.blackcoffer.com/what-do-you-think-is-the-lesson-or-lessons-to-be-learned-with-covid-19/,What do you think is the lesson (or lessons) to be learned with Covid 19?,130,18.571428571428573,786,6.046153846153846,299,88,7.0,18.571428571428573,0.676923076923077,7.699340659340661,0.3402191558441558,"[What, we, our, that, what, what, they, both, all, us, what, they, us, you, your, Your, you]",0.028,0.088,-0.0011877517736892708
99,https://insights.blackcoffer.com/coronavirus-the-unexpected-challenge-for-the-european-union/,"Coronavirus, the unexpected challenge for the European union",135,9.642857142857142,895,6.62962962962963,358,107,14.0,9.642857142857142,0.7925925925925926,4.174179894179894,0.38345238095238093,"[we, what, they, it, it, We, we, we, its, it, it, Our, we, There, that, theirs, I, that, we]",0.051,0.122,-0.012500000000000002
100,https://insights.blackcoffer.com/industrial-revolution-4-0-pros-and-cons/,INDUSTRIAL REVOLUTION 4.0 – PROS AND CONS,410,12.058823529411764,2787,6.797560975609756,1055,285,34.0,12.058823529411764,0.6951219512195121,5.101578192252511,0.42213443963443964,"[it, that, that, who, it, It, Some, It, there, that, It, all, It, us, we, they, It, It, their, they, There, There, It, it, it]",0.213,0.046,0.13832551707551707
101,https://insights.blackcoffer.com/impact-of-covid-19-coronavirus-on-the-indian-economy/,COVID-19 Vs Indian Economy,639,15.585365853658537,3928,6.147104851330203,1445,425,41.0,15.585365853658537,0.6651017214397497,6.500187030039315,0.43748633372527196,"[it, which, there, which, that, that, which, it, which, they, it, whom, their, their, their, This, it, their, it, its, their, that, which, its, this, they, whatever, it]",0.043,0.134,0.04130564617290282
102,https://insights.blackcoffer.com/impact-of-covid-19-coronavirus-on-the-indian-economy-2/,Impact of COVID-19 (Coronavirus) on the Indian Economy,547,16.575757575757574,3460,6.325411334552102,1291,384,33.0,16.575757575757574,0.7020109689213894,6.911107417871586,0.41626151626151603,"[us, its, WHO, we, which, This, it, This, their, this, us, their, our, This, which, are-, which, themselves, are-, they, This, This, there, This, This, that, all, its, that, them, they, who, this, we, our, our, our]",0.083,0.125,0.03870591214341216
103,https://insights.blackcoffer.com/impact-of-covid-19coronavirus-on-the-indian-economy/,Impact of Indian Economy due to COVID-19,1070,14.266666666666667,7076,6.613084112149533,2721,812,75.0,14.266666666666667,0.7588785046728972,6.010218068535826,0.4009989952004877,"[anything, its, its, It, there, who, their, its, It, which, which, It, which, which, It, which, It, its, its, their, they, their, who, their, their, they, their, their, their, which, There, that, it, this, their, this, it, It, its, their, who, this, It, it, its, it, they, which, its, its, which, its, It]",0.087,0.069,0.10831318515646872
104,https://insights.blackcoffer.com/impact-of-covid-19-coronavirus-on-the-global-economy/,Impact of newly discovered coronavirus on the Global Economy,355,10.142857142857142,2317,6.526760563380281,876,267,35.0,10.142857142857142,0.752112676056338,4.357987927565392,0.4080661525974026,"[What, it, it, we, These, that, There, Some, those, some, it, it, which, it, which, that, which, that, it, all, which, that, This, its, which, it, which, their, which, everyone, their, There, which, there, their]",0.112,0.088,0.14017096185064937
105,https://insights.blackcoffer.com/blockchain-in-fintech/,Blockchain in Fintech,520,14.054054054054054,3636,6.992307692307692,1310,412,37.0,14.054054054054054,0.7923076923076923,5.9385446985447,0.45367063492063486,"[there, it, we, it, Some, which, This, this, it, those, who, itThis, everyone, it, that, it, it, it, ’s, itself, It, it, A, her, A, their, their, they, This, their, They, it, their, they, their, they, this, you, your, whom, you, This, it, This, its, this, its, This, it, something, that, this, we]",0.077,0.034,0.10203313253012053
106,https://insights.blackcoffer.com/blockchain-for-payments/,Blockchain for Payments,567,11.571428571428571,3852,6.7936507936507935,1387,427,49.0,11.571428571428571,0.7530864197530864,4.9298059964726635,0.4028140830800405,"[There, ’s, my, I, It, me, I, my, who, who, it, me, I, I, myself, he, I, it, all, me, One, I, them, Anyone, who, us, This, which, His, He, his, all, It, which, which, this, which, its, that, it, This, a, it, It, that, their, that, This, These, They, everything, what, it]",0.129,0.051,0.03548801080715974
107,https://insights.blackcoffer.com/the-future-of-investing/,The future of Investing,1007,16.241935483870968,6329,6.285004965243297,2359,684,62.0,16.241935483870968,0.6792452830188679,6.768472306755935,0.3917129541065712,"[What, that, which, one, One, something, those, that, that, Some, its, its, its, what, that, those, Anybody, you, you, you, You, you, your, your, We, we, you, that, you, There, that, your, you, your, you, your, You, that, your, your, your, you, your, you, you, your, your, you, you, your, that, its, which, each, these, The, the, their, which, It, that, that]",0.11,0.02,0.07650381730168965
108,https://insights.blackcoffer.com/big-data-analytics-in-healthcare/,Big Data Analytics in Healthcare,690,10.454545454545455,4632,6.71304347826087,1779,517,66.0,10.454545454545455,0.7492753623188406,4.481528326745718,0.4178918944303562,"[it, Some, everyone, that, that, he, she, it, It, my, He, he, that, It, he, she, it, It, he, themselves, it, he, she, her, it, it, we, the]",0.091,0.092,0.04031915615248948
109,https://insights.blackcoffer.com/business-analytics-in-the-healthcare-industry/,Business Analytics In The Healthcare Industry,430,14.827586206896552,3240,7.534883720930233,1234,344,29.0,14.827586206896552,0.8,6.251034482758621,0.546448087431694,"[that, that, this, itself, their, your, their, them, that, that, both, it, what, that, There, that, what, this, There, which, their, their, who, This, their, their, their, which, their, them, them, them, his, her, it, it, that, it]",0.17,0.004,0.20874813710879284
110,https://insights.blackcoffer.com/challenges-and-opportunities-of-big-data-in-healthcare/,Challenges and Opportunities of Big Data in Healthcare,601,9.106060606060606,4044,6.728785357737105,1552,413,66.0,9.106060606060606,0.6871880199667221,3.9172994504109315,0.4590204191089148,"[I, what, it, our, that, it, them, It, we, it, it, that, they, which, its, It, we, there, we, our, it, we, that, there, there, which, we, it, This, which, all, this, it, There, its, it, my, who, it, them, They, some, we, which]",0.186,0.082,0.12496290336998302
